"","date","date_id","article_link","pic_link"
"1",2016-01-02,"2016-01-02-0001","index.php?strPageID=SF01_02_01&newsID=2016-01-02-0001","index.php?strPageID=SF01_02_02&newsID=2016-01-02-0001_photo"
"2",2016-01-05,"2016-01-05-0021","index.php?strPageID=SF01_02_01&newsID=2016-01-05-0021","index.php?strPageID=SF01_02_02&newsID=2016-01-05-0021_photo"
"3",2016-01-11,"2016-01-11-0025","index.php?strPageID=SF01_02_01&newsID=2016-01-11-0025","index.php?strPageID=SF01_02_02&newsID=2016-01-11-0025_photo"
"4",2016-01-20,"2016-01-20-0001","index.php?strPageID=SF01_02_01&newsID=2016-01-20-0001","index.php?strPageID=SF01_02_02&newsID=2016-01-20-0001_photo"
"5",2016-01-23,"2016-01-23-0016","index.php?strPageID=SF01_02_01&newsID=2016-01-23-0016","index.php?strPageID=SF01_02_02&newsID=2016-01-23-0016_photo"
"6",2016-01-28,"2016-01-28-0001","index.php?strPageID=SF01_02_01&newsID=2016-01-28-0001","index.php?strPageID=SF01_02_02&newsID=2016-01-28-0001_photo"
"7",2016-02-17,"2016-02-17-0001","index.php?strPageID=SF01_02_01&newsID=2016-02-17-0001","index.php?strPageID=SF01_02_02&newsID=2016-02-17-0001_photo"
"8",2016-02-22,"2016-02-22-0002","index.php?strPageID=SF01_02_01&newsID=2016-02-22-0002","index.php?strPageID=SF01_02_02&newsID=2016-02-22-0002_photo"
"9",2016-02-22,"2016-02-22-0001","index.php?strPageID=SF01_02_01&newsID=2016-02-22-0001","index.php?strPageID=SF01_02_02&newsID=2016-02-22-0001_photo"
"10",2016-02-23,"2016-02-23-0021","index.php?strPageID=SF01_02_01&newsID=2016-02-23-0021","index.php?strPageID=SF01_02_02&newsID=2016-02-23-0021_photo"
"11",2016-02-27,"2016-02-27-0001","index.php?strPageID=SF01_02_01&newsID=2016-02-27-0001","index.php?strPageID=SF01_02_02&newsID=2016-02-27-0001_photo"
"12",2016-03-02,"2016-03-02-0001","index.php?strPageID=SF01_02_01&newsID=2016-03-02-0001","index.php?strPageID=SF01_02_02&newsID=2016-03-02-0001_photo"
"13",2016-03-04,"2016-03-04-0016","index.php?strPageID=SF01_02_01&newsID=2016-03-04-0016","index.php?strPageID=SF01_02_02&newsID=2016-03-04-0016_photo"
"14",2016-03-09,"2016-03-09-0018","index.php?strPageID=SF01_02_01&newsID=2016-03-09-0018","index.php?strPageID=SF01_02_02&newsID=2016-03-09-0018_photo"
"15",2016-03-11,"2016-03-11-0018","index.php?strPageID=SF01_02_01&newsID=2016-03-11-0018","index.php?strPageID=SF01_02_02&newsID=2016-03-11-0018_photo"
"16",2016-03-11,"2016-03-11-0017","index.php?strPageID=SF01_02_01&newsID=2016-03-11-0017","index.php?strPageID=SF01_02_02&newsID=2016-03-11-0017_photo"
"17",2016-03-15,"2016-03-15-0035","index.php?strPageID=SF01_02_01&newsID=2016-03-15-0035","index.php?strPageID=SF01_02_02&newsID=2016-03-15-0035_photo"
"18",2016-03-18,"2016-03-18-0001","index.php?strPageID=SF01_02_01&newsID=2016-03-18-0001","index.php?strPageID=SF01_02_02&newsID=2016-03-18-0001_photo"
"19",2016-03-21,"2016-03-21-0001","index.php?strPageID=SF01_02_01&newsID=2016-03-21-0001","index.php?strPageID=SF01_02_02&newsID=2016-03-21-0001_photo"
"20",2016-03-22,"2016-03-22-0002","index.php?strPageID=SF01_02_01&newsID=2016-03-22-0002","index.php?strPageID=SF01_02_02&newsID=2016-03-22-0002_photo"
"21",2016-03-22,"2016-03-22-0001","index.php?strPageID=SF01_02_01&newsID=2016-03-22-0001","index.php?strPageID=SF01_02_02&newsID=2016-03-22-0001_photo"
"22",2016-03-24,"2016-03-24-0001","index.php?strPageID=SF01_02_01&newsID=2016-03-24-0001","index.php?strPageID=SF01_02_02&newsID=2016-03-24-0001_photo"
"23",2016-03-24,"2016-03-24-0002","index.php?strPageID=SF01_02_01&newsID=2016-03-24-0002","index.php?strPageID=SF01_02_02&newsID=2016-03-24-0002_photo"
"24",2016-03-25,"2016-03-25-0001","index.php?strPageID=SF01_02_01&newsID=2016-03-25-0001","index.php?strPageID=SF01_02_02&newsID=2016-03-25-0001_photo"
"25",2016-03-28,"2016-03-28-0001","index.php?strPageID=SF01_02_01&newsID=2016-03-28-0001","index.php?strPageID=SF01_02_02&newsID=2016-03-28-0001_photo"
"26",2016-04-01,"2016-04-01-0001","index.php?strPageID=SF01_02_01&newsID=2016-04-01-0001","index.php?strPageID=SF01_02_02&newsID=2016-04-01-0001_photo"
"27",2016-04-02,"2016-04-02-0020","index.php?strPageID=SF01_02_01&newsID=2016-04-02-0020","index.php?strPageID=SF01_02_02&newsID=2016-04-02-0020_photo"
"28",2016-04-02,"2016-04-02-0019","index.php?strPageID=SF01_02_01&newsID=2016-04-02-0019","index.php?strPageID=SF01_02_02&newsID=2016-04-02-0019_photo"
"29",2016-04-08,"2016-04-08-0020","index.php?strPageID=SF01_02_01&newsID=2016-04-08-0020","index.php?strPageID=SF01_02_02&newsID=2016-04-08-0020_photo"
"30",2016-04-09,"2016-04-09-0001","index.php?strPageID=SF01_02_01&newsID=2016-04-09-0001","index.php?strPageID=SF01_02_02&newsID=2016-04-09-0001_photo"
"31",2016-04-15,"2016-04-15-0034","index.php?strPageID=SF01_02_01&newsID=2016-04-15-0034","index.php?strPageID=SF01_02_02&newsID=2016-04-15-0034_photo"
"32",2016-04-19,"2016-04-19-0001","index.php?strPageID=SF01_02_01&newsID=2016-04-19-0001","index.php?strPageID=SF01_02_02&newsID=2016-04-19-0001_photo"
"33",2016-04-23,"2016-04-23-0001","index.php?strPageID=SF01_02_01&newsID=2016-04-23-0001","index.php?strPageID=SF01_02_02&newsID=2016-04-23-0001_photo"
"34",2016-04-25,"2016-04-25-0001","index.php?strPageID=SF01_02_01&newsID=2016-04-25-0001","index.php?strPageID=SF01_02_02&newsID=2016-04-25-0001_photo"
"35",2016-05-13,"2016-05-13-0001","index.php?strPageID=SF01_02_01&newsID=2016-05-13-0001","index.php?strPageID=SF01_02_02&newsID=2016-05-13-0001_photo"
"36",2016-05-16,"2016-05-16-0001","index.php?strPageID=SF01_02_01&newsID=2016-05-16-0001","index.php?strPageID=SF01_02_02&newsID=2016-05-16-0001_photo"
"37",2016-05-19,"2016-05-19-0001","index.php?strPageID=SF01_02_01&newsID=2016-05-19-0001","index.php?strPageID=SF01_02_02&newsID=2016-05-19-0001_photo"
"38",2016-05-21,"2016-05-21-0020","index.php?strPageID=SF01_02_01&newsID=2016-05-21-0020","index.php?strPageID=SF01_02_02&newsID=2016-05-21-0020_photo"
"39",2016-05-24,"2016-05-24-0001","index.php?strPageID=SF01_02_01&newsID=2016-05-24-0001","index.php?strPageID=SF01_02_02&newsID=2016-05-24-0001_photo"
"40",2016-05-27,"2016-05-27-0017","index.php?strPageID=SF01_02_01&newsID=2016-05-27-0017","index.php?strPageID=SF01_02_02&newsID=2016-05-27-0017_photo"
"41",2016-05-30,"2016-05-30-0002","index.php?strPageID=SF01_02_01&newsID=2016-05-30-0002","index.php?strPageID=SF01_02_02&newsID=2016-05-30-0002_photo"
"42",2016-05-30,"2016-05-30-0001","index.php?strPageID=SF01_02_01&newsID=2016-05-30-0001","index.php?strPageID=SF01_02_02&newsID=2016-05-30-0001_photo"
"43",2016-06-02,"2016-06-02-0014","index.php?strPageID=SF01_02_01&newsID=2016-06-02-0014","index.php?strPageID=SF01_02_02&newsID=2016-06-02-0014_photo"
"44",2016-06-04,"2016-06-04-0002","index.php?strPageID=SF01_02_01&newsID=2016-06-04-0002","index.php?strPageID=SF01_02_02&newsID=2016-06-04-0002_photo"
"45",2016-06-04,"2016-06-04-0001","index.php?strPageID=SF01_02_01&newsID=2016-06-04-0001","index.php?strPageID=SF01_02_02&newsID=2016-06-04-0001_photo"
"46",2016-06-08,"2016-06-08-0031","index.php?strPageID=SF01_02_01&newsID=2016-06-08-0031","index.php?strPageID=SF01_02_02&newsID=2016-06-08-0031_photo"
"47",2016-06-10,"2016-06-10-0001","index.php?strPageID=SF01_02_01&newsID=2016-06-10-0001","index.php?strPageID=SF01_02_02&newsID=2016-06-10-0001_photo"
"48",2016-06-13,"2016-06-13-0001","index.php?strPageID=SF01_02_01&newsID=2016-06-13-0001","index.php?strPageID=SF01_02_02&newsID=2016-06-13-0001_photo"
"49",2016-06-16,"2016-06-16-0002","index.php?strPageID=SF01_02_01&newsID=2016-06-16-0002","index.php?strPageID=SF01_02_02&newsID=2016-06-16-0002_photo"
"50",2016-06-21,"2016-06-21-0001","index.php?strPageID=SF01_02_01&newsID=2016-06-21-0001","index.php?strPageID=SF01_02_02&newsID=2016-06-21-0001_photo"
"51",2016-06-23,"2016-06-23-0009","index.php?strPageID=SF01_02_01&newsID=2016-06-23-0009","index.php?strPageID=SF01_02_02&newsID=2016-06-23-0009_photo"
"52",2016-07-04,"2016-07-04-0001","index.php?strPageID=SF01_02_01&newsID=2016-07-04-0001","index.php?strPageID=SF01_02_02&newsID=2016-07-04-0001_photo"
"53",2016-07-06,"2016-07-06-0010","index.php?strPageID=SF01_02_01&newsID=2016-07-06-0010","index.php?strPageID=SF01_02_02&newsID=2016-07-06-0010_photo"
"54",2016-07-08,"2016-07-08-0015","index.php?strPageID=SF01_02_01&newsID=2016-07-08-0015","index.php?strPageID=SF01_02_02&newsID=2016-07-08-0015_photo"
"55",2016-07-12,"2016-07-12-0001","index.php?strPageID=SF01_02_01&newsID=2016-07-12-0001","index.php?strPageID=SF01_02_02&newsID=2016-07-12-0001_photo"
"56",2016-07-14,"2016-07-14-0001","index.php?strPageID=SF01_02_01&newsID=2016-07-14-0001","index.php?strPageID=SF01_02_02&newsID=2016-07-14-0001_photo"
"57",2016-07-16,"2016-07-16-0001","index.php?strPageID=SF01_02_01&newsID=2016-07-16-0001","index.php?strPageID=SF01_02_02&newsID=2016-07-16-0001_photo"
"58",2016-07-20,"2016-07-20-0001","index.php?strPageID=SF01_02_01&newsID=2016-07-20-0001","index.php?strPageID=SF01_02_02&newsID=2016-07-20-0001_photo"
"59",2016-07-25,"2016-07-25-0010","index.php?strPageID=SF01_02_01&newsID=2016-07-25-0010","index.php?strPageID=SF01_02_02&newsID=2016-07-25-0010_photo"
"60",2016-07-28,"2016-07-28-0022","index.php?strPageID=SF01_02_01&newsID=2016-07-28-0022","index.php?strPageID=SF01_02_02&newsID=2016-07-28-0022_photo"
"61",2016-07-30,"2016-07-30-0001","index.php?strPageID=SF01_02_01&newsID=2016-07-30-0001","index.php?strPageID=SF01_02_02&newsID=2016-07-30-0001_photo"
"62",2016-08-04,"2016-08-04-0001","index.php?strPageID=SF01_02_01&newsID=2016-08-04-0001","index.php?strPageID=SF01_02_02&newsID=2016-08-04-0001_photo"
"63",2016-08-10,"2016-08-10-0001","index.php?strPageID=SF01_02_01&newsID=2016-08-10-0001","index.php?strPageID=SF01_02_02&newsID=2016-08-10-0001_photo"
"64",2016-08-13,"2016-08-13-0001","index.php?strPageID=SF01_02_01&newsID=2016-08-13-0001","index.php?strPageID=SF01_02_02&newsID=2016-08-13-0001_photo"
"65",2016-08-18,"2016-08-18-0001","index.php?strPageID=SF01_02_01&newsID=2016-08-18-0001","index.php?strPageID=SF01_02_02&newsID=2016-08-18-0001_photo"
"66",2016-08-18,"2016-08-18-0002","index.php?strPageID=SF01_02_01&newsID=2016-08-18-0002","index.php?strPageID=SF01_02_02&newsID=2016-08-18-0002_photo"
"67",2016-08-26,"2016-08-26-0001","index.php?strPageID=SF01_02_01&newsID=2016-08-26-0001","index.php?strPageID=SF01_02_02&newsID=2016-08-26-0001_photo"
"68",2016-09-06,"2016-09-06-0001","index.php?strPageID=SF01_02_01&newsID=2016-09-06-0001","index.php?strPageID=SF01_02_02&newsID=2016-09-06-0001_photo"
"69",2016-09-13,"2016-09-13-0001","index.php?strPageID=SF01_02_01&newsID=2016-09-13-0001","index.php?strPageID=SF01_02_02&newsID=2016-09-13-0001_photo"
"70",2016-09-16,"2016-09-16-0002","index.php?strPageID=SF01_02_01&newsID=2016-09-16-0002","index.php?strPageID=SF01_02_02&newsID=2016-09-16-0002_photo"
"71",2016-09-19,"2016-09-19-0001","index.php?strPageID=SF01_02_01&newsID=2016-09-19-0001","index.php?strPageID=SF01_02_02&newsID=2016-09-19-0001_photo"
"72",2016-09-20,"2016-09-20-0002","index.php?strPageID=SF01_02_01&newsID=2016-09-20-0002","index.php?strPageID=SF01_02_02&newsID=2016-09-20-0002_photo"
"73",2016-09-24,"2016-09-24-0001","index.php?strPageID=SF01_02_01&newsID=2016-09-24-0001","index.php?strPageID=SF01_02_02&newsID=2016-09-24-0001_photo"
"74",2016-09-30,"2016-09-30-0001","index.php?strPageID=SF01_02_01&newsID=2016-09-30-0001","index.php?strPageID=SF01_02_02&newsID=2016-09-30-0001_photo"
"75",2016-10-07,"2016-10-07-0001","index.php?strPageID=SF01_02_01&newsID=2016-10-07-0001","index.php?strPageID=SF01_02_02&newsID=2016-10-07-0001_photo"
"76",2016-10-18,"2016-10-18-0001","index.php?strPageID=SF01_02_01&newsID=2016-10-18-0001","index.php?strPageID=SF01_02_02&newsID=2016-10-18-0001_photo"
"77",2016-10-29,"2016-10-29-0001","index.php?strPageID=SF01_02_01&newsID=2016-10-29-0001","index.php?strPageID=SF01_02_02&newsID=2016-10-29-0001_photo"
"78",2016-11-04,"2016-11-04-0001","index.php?strPageID=SF01_02_01&newsID=2016-11-04-0001","index.php?strPageID=SF01_02_02&newsID=2016-11-04-0001_photo"
"79",2016-11-09,"2016-11-09-0001","index.php?strPageID=SF01_02_01&newsID=2016-11-09-0001","index.php?strPageID=SF01_02_02&newsID=2016-11-09-0001_photo"
"80",2016-11-11,"2016-11-11-0001","index.php?strPageID=SF01_02_01&newsID=2016-11-11-0001","index.php?strPageID=SF01_02_02&newsID=2016-11-11-0001_photo"
"81",2016-11-14,"2016-11-14-0010","index.php?strPageID=SF01_02_01&newsID=2016-11-14-0010","index.php?strPageID=SF01_02_02&newsID=2016-11-14-0010_photo"
"82",2016-11-17,"2016-11-17-0001","index.php?strPageID=SF01_02_01&newsID=2016-11-17-0001","index.php?strPageID=SF01_02_02&newsID=2016-11-17-0001_photo"
"83",2016-11-19,"2016-11-19-0001","index.php?strPageID=SF01_02_01&newsID=2016-11-19-0001","index.php?strPageID=SF01_02_02&newsID=2016-11-19-0001_photo"
"84",2016-11-21,"2016-11-21-0002","index.php?strPageID=SF01_02_01&newsID=2016-11-21-0002","index.php?strPageID=SF01_02_02&newsID=2016-11-21-0002_photo"
"85",2016-11-25,"2016-11-25-0001","index.php?strPageID=SF01_02_01&newsID=2016-11-25-0001","index.php?strPageID=SF01_02_02&newsID=2016-11-25-0001_photo"
"86",2016-11-26,"2016-11-26-0001","index.php?strPageID=SF01_02_01&newsID=2016-11-26-0001","index.php?strPageID=SF01_02_02&newsID=2016-11-26-0001_photo"
"87",2016-11-28,"2016-11-28-0001","index.php?strPageID=SF01_02_01&newsID=2016-11-28-0001","index.php?strPageID=SF01_02_02&newsID=2016-11-28-0001_photo"
"88",2016-11-29,"2016-11-29-0001","index.php?strPageID=SF01_02_01&newsID=2016-11-29-0001","index.php?strPageID=SF01_02_02&newsID=2016-11-29-0001_photo"
"89",2016-12-02,"2016-12-02-0001","index.php?strPageID=SF01_02_01&newsID=2016-12-02-0001","index.php?strPageID=SF01_02_02&newsID=2016-12-02-0001_photo"
"90",2016-12-05,"2016-12-05-0001","index.php?strPageID=SF01_02_01&newsID=2016-12-05-0001","index.php?strPageID=SF01_02_02&newsID=2016-12-05-0001_photo"
"91",2016-12-07,"2016-12-07-0002","index.php?strPageID=SF01_02_01&newsID=2016-12-07-0002","index.php?strPageID=SF01_02_02&newsID=2016-12-07-0002_photo"
"92",2016-12-09,"2016-12-09-0001","index.php?strPageID=SF01_02_01&newsID=2016-12-09-0001","index.php?strPageID=SF01_02_02&newsID=2016-12-09-0001_photo"
"93",2016-12-12,"2016-12-12-0019","index.php?strPageID=SF01_02_01&newsID=2016-12-12-0019","index.php?strPageID=SF01_02_02&newsID=2016-12-12-0019_photo"
"94",2016-12-13,"2016-12-13-0001","index.php?strPageID=SF01_02_01&newsID=2016-12-13-0001","index.php?strPageID=SF01_02_02&newsID=2016-12-13-0001_photo"
"95",2016-12-15,"2016-12-15-0019","index.php?strPageID=SF01_02_01&newsID=2016-12-15-0019","index.php?strPageID=SF01_02_02&newsID=2016-12-15-0019_photo"
"96",2016-12-20,"2016-12-20-0001","index.php?strPageID=SF01_02_01&newsID=2016-12-20-0001","index.php?strPageID=SF01_02_02&newsID=2016-12-20-0001_photo"
"97",2016-12-21,"2016-12-21-0001","index.php?strPageID=SF01_02_01&newsID=2016-12-21-0001","index.php?strPageID=SF01_02_02&newsID=2016-12-21-0001_photo"
"98",2016-12-21,"2016-12-21-0002","index.php?strPageID=SF01_02_01&newsID=2016-12-21-0002","index.php?strPageID=SF01_02_02&newsID=2016-12-21-0002_photo"
"99",2017-01-01,"2017-01-01-0001","index.php?strPageID=SF01_02_01&newsID=2017-01-01-0001","index.php?strPageID=SF01_02_02&newsID=2017-01-01-0001_photo"
"100",2017-01-05,"2017-01-05-0001","index.php?strPageID=SF01_02_01&newsID=2017-01-05-0001","index.php?strPageID=SF01_02_02&newsID=2017-01-05-0001_photo"
"101",2017-01-09,"2017-01-09-0001","index.php?strPageID=SF01_02_01&newsID=2017-01-09-0001","index.php?strPageID=SF01_02_02&newsID=2017-01-09-0001_photo"
"102",2017-01-12,"2017-01-12-0001","index.php?strPageID=SF01_02_01&newsID=2017-01-12-0001","index.php?strPageID=SF01_02_02&newsID=2017-01-12-0001_photo"
"103",2017-01-16,"2017-01-16-0001","index.php?strPageID=SF01_02_01&newsID=2017-01-16-0001","index.php?strPageID=SF01_02_02&newsID=2017-01-16-0001_photo"
"104",2017-01-19,"2017-01-19-0001","index.php?strPageID=SF01_02_01&newsID=2017-01-19-0001","index.php?strPageID=SF01_02_02&newsID=2017-01-19-0001_photo"
"105",2017-01-23,"2017-01-23-0002","index.php?strPageID=SF01_02_01&newsID=2017-01-23-0002","index.php?strPageID=SF01_02_02&newsID=2017-01-23-0002_photo"
"106",2017-01-23,"2017-01-23-0001","index.php?strPageID=SF01_02_01&newsID=2017-01-23-0001","index.php?strPageID=SF01_02_02&newsID=2017-01-23-0001_photo"
"107",2017-01-26,"2017-01-26-0001","index.php?strPageID=SF01_02_01&newsID=2017-01-26-0001","index.php?strPageID=SF01_02_02&newsID=2017-01-26-0001_photo"
"108",2017-01-28,"2017-01-28-0001","index.php?strPageID=SF01_02_01&newsID=2017-01-28-0001","index.php?strPageID=SF01_02_02&newsID=2017-01-28-0001_photo"
"109",2017-02-02,"2017-02-02-0001","index.php?strPageID=SF01_02_01&newsID=2017-02-02-0001","index.php?strPageID=SF01_02_02&newsID=2017-02-02-0001_photo"
"110",2017-02-07,"2017-02-07-0001","index.php?strPageID=SF01_02_01&newsID=2017-02-07-0001","index.php?strPageID=SF01_02_02&newsID=2017-02-07-0001_photo"
"111",2017-02-13,"2017-02-13-0001","index.php?strPageID=SF01_02_01&newsID=2017-02-13-0001","index.php?strPageID=SF01_02_02&newsID=2017-02-13-0001_photo"
"112",2017-02-16,"2017-02-16-0002","index.php?strPageID=SF01_02_01&newsID=2017-02-16-0002","index.php?strPageID=SF01_02_02&newsID=2017-02-16-0002_photo"
"113",2017-02-21,"2017-02-21-0001","index.php?strPageID=SF01_02_01&newsID=2017-02-21-0001","index.php?strPageID=SF01_02_02&newsID=2017-02-21-0001_photo"
"114",2017-02-23,"2017-02-23-0001","index.php?strPageID=SF01_02_01&newsID=2017-02-23-0001","index.php?strPageID=SF01_02_02&newsID=2017-02-23-0001_photo"
"115",2017-03-01,"2017-03-01-0001","index.php?strPageID=SF01_02_01&newsID=2017-03-01-0001","index.php?strPageID=SF01_02_02&newsID=2017-03-01-0001_photo"
"116",2017-03-03,"2017-03-03-0001","index.php?strPageID=SF01_02_01&newsID=2017-03-03-0001","index.php?strPageID=SF01_02_02&newsID=2017-03-03-0001_photo"
"117",2017-03-07,"2017-03-07-0001","index.php?strPageID=SF01_02_01&newsID=2017-03-07-0001","index.php?strPageID=SF01_02_02&newsID=2017-03-07-0001_photo"
"118",2017-03-11,"2017-03-11-0001","index.php?strPageID=SF01_02_01&newsID=2017-03-11-0001","index.php?strPageID=SF01_02_02&newsID=2017-03-11-0001_photo"
